{
  "primary": {
    "pr_auc": 0.01855763018469331,
    "f1": 0.0,
    "precision": 0.0,
    "recall": 0.0,
    "balanced_accuracy": 0.5,
    "brier": 0.0014356170684379544,
    "roc_auc": 0.9015370996298084,
    "accuracy": 0.9985535197685632,
    "confusion_matrix": [
      [
        8284,
        0
      ],
      [
        12,
        0
      ]
    ],
    "classification_report": {
      "0": {
        "precision": 0.9985535197685632,
        "recall": 1.0,
        "f1-score": 0.9992762364294331,
        "support": 8284.0
      },
      "1": {
        "precision": 0.0,
        "recall": 0.0,
        "f1-score": 0.0,
        "support": 12.0
      },
      "accuracy": 0.9985535197685632,
      "macro avg": {
        "precision": 0.4992767598842816,
        "recall": 0.5,
        "f1-score": 0.49963811821471654,
        "support": 8296.0
      },
      "weighted avg": {
        "precision": 0.9971091318421863,
        "recall": 0.9985535197685632,
        "f1-score": 0.9978308031076933,
        "support": 8296.0
      }
    }
  },
  "uncalibrated": {
    "pr_auc": 0.01855763018469331,
    "f1": 0.012965964343598054,
    "precision": 0.006546644844517185,
    "recall": 0.6666666666666666,
    "balanced_accuracy": 0.7600595525511025,
    "brier": 0.09722067336668275,
    "roc_auc": 0.9015370996298084,
    "accuracy": 0.853182256509161,
    "confusion_matrix": [
      [
        7070,
        1214
      ],
      [
        4,
        8
      ]
    ],
    "classification_report": {
      "0": {
        "precision": 0.9994345490528697,
        "recall": 0.8534524384355384,
        "f1-score": 0.9206927985414768,
        "support": 8284.0
      },
      "1": {
        "precision": 0.006546644844517185,
        "recall": 0.6666666666666666,
        "f1-score": 0.012965964343598054,
        "support": 12.0
      },
      "accuracy": 0.853182256509161,
      "macro avg": {
        "precision": 0.5029905969486934,
        "recall": 0.7600595525511025,
        "f1-score": 0.46682938144253744,
        "support": 8296.0
      },
      "weighted avg": {
        "precision": 0.9979983563273995,
        "recall": 0.853182256509161,
        "f1-score": 0.9193797896202648,
        "support": 8296.0
      }
    }
  },
  "positive_class_ratio_test": 0.0014464802314368371,
  "baseline_majority_class_accuracy": 0.9985535197685632,
  "calibration_api": "FrozenEstimator",
  "calibration_method": "sigmoid",
  "reliability_table": [
    {
      "bin": 0,
      "count": 8296,
      "mean_pred": 0.0014385159551206384,
      "frac_positive": 0.0014464802314368371
    },
    {
      "bin": 1,
      "count": 0
    },
    {
      "bin": 2,
      "count": 0
    },
    {
      "bin": 3,
      "count": 0
    },
    {
      "bin": 4,
      "count": 0
    },
    {
      "bin": 5,
      "count": 0
    },
    {
      "bin": 6,
      "count": 0
    },
    {
      "bin": 7,
      "count": 0
    },
    {
      "bin": 8,
      "count": 0
    },
    {
      "bin": 9,
      "count": 0
    }
  ]
}