{
  "primary": {
    "pr_auc": 0.022407474982827025,
    "f1": 0.0,
    "precision": 0.0,
    "recall": 0.0,
    "balanced_accuracy": 0.5,
    "brier": 0.0014338999960654354,
    "roc_auc": 0.9620151295670368,
    "accuracy": 0.9985535197685632,
    "confusion_matrix": [
      [
        8284,
        0
      ],
      [
        12,
        0
      ]
    ],
    "classification_report": {
      "0": {
        "precision": 0.9985535197685632,
        "recall": 1.0,
        "f1-score": 0.9992762364294331,
        "support": 8284.0
      },
      "1": {
        "precision": 0.0,
        "recall": 0.0,
        "f1-score": 0.0,
        "support": 12.0
      },
      "accuracy": 0.9985535197685632,
      "macro avg": {
        "precision": 0.4992767598842816,
        "recall": 0.5,
        "f1-score": 0.49963811821471654,
        "support": 8296.0
      },
      "weighted avg": {
        "precision": 0.9971091318421863,
        "recall": 0.9985535197685632,
        "f1-score": 0.9978308031076933,
        "support": 8296.0
      }
    }
  },
  "uncalibrated": {
    "pr_auc": 0.022407474982827025,
    "f1": 0.029498525073746312,
    "precision": 0.015015015015015015,
    "recall": 0.8333333333333334,
    "balanced_accuracy": 0.8770722678255272,
    "brier": 0.06541701271697203,
    "roc_auc": 0.9620151295670368,
    "accuracy": 0.9206846673095468,
    "confusion_matrix": [
      [
        7628,
        656
      ],
      [
        2,
        10
      ]
    ],
    "classification_report": {
      "0": {
        "precision": 0.999737876802097,
        "recall": 0.920811202317721,
        "f1-score": 0.9586527585773533,
        "support": 8284.0
      },
      "1": {
        "precision": 0.015015015015015015,
        "recall": 0.8333333333333334,
        "f1-score": 0.029498525073746312,
        "support": 12.0
      },
      "accuracy": 0.9206846673095468,
      "macro avg": {
        "precision": 0.507376445908556,
        "recall": 0.8770722678255272,
        "f1-score": 0.4940756418255498,
        "support": 8296.0
      },
      "weighted avg": {
        "precision": 0.998313494649078,
        "recall": 0.9206846673095468,
        "f1-score": 0.9573087553466345,
        "support": 8296.0
      }
    }
  },
  "positive_class_ratio_test": 0.0014464802314368371,
  "baseline_majority_class_accuracy": 0.9985535197685632,
  "calibration_api": "FrozenEstimator"
}